{
  "archy": false,
  "bower": false,
  "browser-sync": false,
  "chalk": false,
  "cross-spawn": false,
  "event-stream": false,
  "gulp": false,
  "gulp-angular-filesort": false,
  "gulp-babel": false,
  "gulp-coffee": false,
  "gulp-concat": false,
  "gulp-connect": false,
  "gulp-csso": false,
  "gulp-debug": false,
  "gulp-develop-server": false,
  "gulp-filter": false,
  "gulp-git": false,
  "gulp-if": false,
  "gulp-ignore": false,
  "gulp-imagemin": false,
  "gulp-inject": false,
  "gulp-jshint": false,
  "gulp-manifest": false,
  "gulp-minify-css": false,
  "gulp-minify-html": false,
  "gulp-ng-annotate": false,
  "gulp-ng-html2js": false,
  "gulp-nodemon": false,
  "gulp-notify": false,
  "gulp-open": false,
  "gulp-plumber": false,
  "gulp-protractor": false,
  "gulp-rename": false,
  "gulp-replace": false,
  "gulp-rev": false,
  "gulp-rev-replace": false,
  "gulp-sass": false,
  "gulp-scss-lint": false,
  "gulp-size": false,
  "gulp-sourcemaps": false,
  "gulp-svg2ttf": false,
  "gulp-svgicons2svgfont": false,
  "gulp-ttf2eot": false,
  "gulp-ttf2woff": false,
  "gulp-typescript": false,
  "gulp-uglify": false,
  "gulp-useref": false,
  "gulp-util": false,
  "gulp-wait": false,
  "gulp-watch": false,
  "http-proxy": false,
  "inquirer": false,
  "jshint-stylish": false,
  "karma": false,
  "karma-babel-preprocessor": false,
  "karma-chrome-launcher": false,
  "karma-coffee-preprocessor": false,
  "karma-jasmine": false,
  "karma-ng-html2js-preprocessor": false,
  "karma-phantomjs-launcher": false,
  "lodash": false,
  "main-bower-files": false,
  "merge2": false,
  "mobile-agent": false,
  "open": false,
  "plexer": false,
  "pretty-hrtime": false,
  "q": false,
  "request": false,
  "require-dir": false,
  "restify": false,
  "rimraf": false,
  "run-sequence": false,
  "semver": false,
  "shelljs": false,
  "sort-stream": false,
  "through2": false,
  "through2-spy": false,
  "tildify": false,
  "uglify-save-license": false,
  "vinyl": false,
  "wiredep": false,
  "xml2js": false,
  "xtend": false,
  "yargs": false
}