{
  "version": "v4",
  "repo": "borisyankov/DefinitelyTyped",
  "ref": "master",
  "path": "typings",
  "bundle": "typings/tsd.d.ts",
  "installed": {
    "restify/restify.d.ts": {
      "commit": "42c8a3b74c05f6887ce21dd63c6234e424f9f8fe"
    },
    "node/node.d.ts": {
      "commit": "42c8a3b74c05f6887ce21dd63c6234e424f9f8fe"
    },
    "karma-jasmine/karma-jasmine.d.ts": {
      "commit": "35fffaa44bff5392741b3022d805fe3563023a3d"
    },
    "jasmine/jasmine.d.ts": {
      "commit": "35fffaa44bff5392741b3022d805fe3563023a3d"
    },
    "angularjs/angular-mocks.d.ts": {
      "commit": "de18109f44d99864a19441509a3fc876adba68e9"
    },
    "angularjs/angular.d.ts": {
      "commit": "de18109f44d99864a19441509a3fc876adba68e9"
    },
    "jquery/jquery.d.ts": {
      "commit": "de18109f44d99864a19441509a3fc876adba68e9"
    }
  }
}
